timestamp,round,role,text
2026-08-12T17:52:50.984036,1,用户,我现在是学生。 我现在是学生。 我现在是学生
2026-08-12T17:52:50.984084,1,机器人,方便问一下，你现在的身份是什么呢？比如学生、老师、医生，或者其他职业？
2026-08-12T17:53:13.001824,2,用户,做科研项目。 做科研项目。 做科研项目
2026-08-12T17:53:13.001876,2,机器人,原来你是学生呀！那如果人形机器人能拥有顶尖专家的经验，你最希望它在哪个具体场景帮助你呢？比如说是学习上遇到的难题，或者是选专业、做科研项目之类的？
2026-08-12T17:53:41.585772,3,用户,查找最新文献，还有能不能帮我做实验？ 查找最新文献，还有能不能帮我做实验？ 查找最新文献还有能不能帮我做实验
2026-08-12T17:53:41.585824,3,机器人,做科研项目确实很需要专业指导呢！那你希望它能帮你完成科研项目中的哪些具体任务呀？比如帮你查找最新的文献，还是分析实验数据，或者是指导你设计实验方案呢？
2026-08-12T17:54:07.837069,4,用户,做机器人方向的。 做机器人方向的。 做机器人方向的
2026-08-12T17:54:07.837138,4,机器人,这两个需求都很实用！帮你找最新文献能省不少查资料的时间，要是还能辅助做实验，比如帮忙记录数据、整理实验步骤，确实能减轻不少科研压力。那你目前是在做什么方向的科研项目呀？
2026-08-12T17:54:54.533636,5,用户,据分析，在能。 据分析，在能。 据分析在能
2026-08-12T17:54:54.533769,5,机器人,哇，你本身就在研究机器人方向，那对机器人的功能肯定有不少专业想法。你觉得一个能帮到你的机器人专家，除了找文献和辅助做实验，还需要具备什么专业能力吗？另外，你认为机器人专家最难模仿人类专家的地方是什么呀？
2026-08-12T17:55:38.016641,6,用户,喂喂。 喂喂。 喂喂
2026-08-12T17:55:38.016728,6,机器人,数据分析确实是科研里很关键的一环！要是机器人能帮你做数据分析，比如快速处理实验收集到的机器人运行参数，或者帮你筛选有效数据、生成可视化分析结果，应该能帮你节省很多时间。那除了这些，你还希望它在数据分析方面帮你做些什么具体的事吗？
2026-08-12T17:55:50.763846,7,用户,不知道了，不道了。 不知道了，不道了。 不知道了不道了
2026-08-12T17:55:50.763897,7,机器人,我在呢，刚才说的数据分析相关的内容，你觉得符合你的需求吗？或者你还有其他想让机器人帮忙的科研场景吗？
2026-08-12T17:56:14.536625,8,用户,实验室吧。 实验室吧。 实验室吧
2026-08-12T17:56:14.536672,8,机器人,没关系，要是暂时没想到其他的，我们可以聊点别的。如果未来人形机器人真的能走进校园，你最希望在学校的哪个地方见到它呢？比如实验室、图书馆，还是自习室呀？
2026-08-12T17:56:35.502263,9,用户,坏，他这个 input 怎么回事？靠。 坏，他这个 input 怎么回事？靠。 坏他这个 input 怎么回事靠
2026-08-12T17:56:35.502315,9,机器人,在实验室里确实很方便，随时能帮着处理实验相关的事。那你觉得，如果这个机器人在实验室帮你，它身上有什么特征会让你更信任它的建议呢？比如它能清晰说出参考的专家资料，还是能一步步展示分析过程？
2026-08-12T17:56:55.597388,10,用户,真是没事没事，我们收个尾吧。 真是没事没事，我们收个尾吧。 真是没事没事呃我们收个尾吧
2026-08-12T17:56:55.597438,10,机器人,听起来你那边好像有点音控上的小问题，不影响我们聊天的。要是这个帮你做科研的机器人有清晰的语音反馈，能准确回应你的疑问，会不会让你用起来更顺手呀？
2026-08-12T17:57:22.938723,11,用户,差不多是可以。 差不多是可以。 差不多是可以
2026-08-12T17:57:22.938773,11,机器人,好的，那我来收尾啦。非常感谢你的分享！你的想法对我帮助很大，让我更清楚未来应该服务哪些人、解决哪些问题。我会继续努力成长，希望下次见面时，能更好地帮到你做科研项目。如果你对机器人专家项目感兴趣，欢迎继续关注我们。感谢你的时间，期待下次交流！
2026-08-12T17:57:30.423910,12,机器人,能得到你的认可真的很开心，要是之后你对机器人辅助科研还有其他想法，随时都能和我聊哦！
2026-08-12T18:19:11.242156,1,用户,可以。 可以。 可以
2026-08-12T18:19:11.242206,1,机器人,方便问一下，你现在的身份是什么呢？比如学生、老师、医生，或者其他职业？
2026-08-12T18:19:21.117739,2,用户,学
2026-08-12T18:19:21.117800,2,机器人,那你方便告诉我，你现在的身份是什么吗？比如学生、老师、医生，或者其他职业？
2026-08-12T18:19:37.134776,3,用户,辅导作业。 辅导作业。 辅导作业
2026-08-12T18:19:37.134831,3,机器人,你是学生吗？那如果人形机器人可以拥有顶尖专家的经验，你最希望它在哪个具体场景帮助你呢？比如陪你学习、辅导作业，或者其他场景？
2026-08-12T18:19:52.961690,4,用户,高中。 高中。 高中
2026-08-12T18:19:52.961963,4,机器人,辅导作业确实很需要专业经验呢。那你目前是在学习哪个阶段呀，比如小学、初中还是高中？你觉得哪些同学会最需要这样的机器人专家来辅导作业呢？
2026-08-12T18:20:15.928813,5,用户,辅导 辅导 辅导呃
2026-08-12T18:20:15.928875,5,机器人,高中的作业难度确实不小，有机器人辅导会省心很多。那你觉得一个能辅导作业的专家，最重要的能力是什么呢？
2026-08-12T18:20:32.884643,6,用户,语音 AI 英更加的方便。 语音 AI 英更加的方便。 语音 ai 英更加的方便
2026-08-12T18:20:32.884710,6,机器人,是觉得能把复杂知识点讲明白的能力很重要吗？那如果语音AI、手机屏幕和人形机器人都能帮你辅导作业，你会选择哪一种？为什么呀？
2026-08-12T18:20:51.616882,7,用户,生活里。 生活里。 生活里
2026-08-12T18:20:51.616939,7,机器人,确实，语音AI随时能调用，很适合平时写作业的时候用。那如果未来这个能辅导作业的人形机器人真的走进生活，你最希望在哪里见到它呢？
2026-08-12T18:21:28.989053,8,用户,问题大概这样的。 问题大概这样的。 问题大概这样的
2026-08-12T18:21:28.989124,8,机器人,生活里的场景还挺多的，比如家里的书桌旁，或者学校的自习室？这样随时能找它辅导作业。非常感谢你的分享！你的想法对我帮助很大，让我更清楚未来应该服务哪些人、解决哪些问题。我会继续努力成长，希望下次见面时，我能变得更聪明、更实用！如果你对我们的机器人专家项目感兴趣，欢迎继续关注我们。感谢你的时间，期待再次相遇！
2026-08-12T18:25:53.321449,1,用户,好呀好呀 好呀好呀 好呀好呀
2026-08-12T18:25:53.693315,1,用户,好呀好呀。 好呀好呀。 好呀好呀
2026-08-12T18:26:04.642923,1,用户,我是一个专家学生。 我是一个专家学生。 我是一个专家学生
2026-08-12T18:26:04.642987,1,机器人,方便问一下，你现在的身份是什么呢？比如学生、老师、医生，或者其他职业？
2026-08-12T18:26:24.669431,2,用户,我希望他能帮我写论文。 我希望他能帮我写论文。 我希望他能帮我写论文
2026-08-12T18:26:24.669489,2,机器人,原来你是学生呀！如果人形机器人可以拥有顶尖专家的经验，你最希望它在哪个具体场景帮助你？比如它需要完成什么任务？
2026-08-12T18:26:34.852921,3,用户,我是学生。 我是学生。 我是学生
2026-08-12T18:26:34.852974,3,机器人,帮着写论文确实能省不少力呢！请问你是从事什么职业、在什么领域工作呀？
2026-08-12T18:26:46.756904,4,用户,我觉得大家都需要。 我觉得大家都需要。 我觉得大家都需要
2026-08-12T18:26:46.756977,4,机器人,了解啦，那你觉得哪些用户会需要这样的机器人专家呢？
2026-08-12T18:27:14.342354,5,用户,我觉得这个。 我觉得这个。 我觉得这个
2026-08-12T18:27:14.342403,5,机器人,确实，不管是学生还是职场人，说不定都能用得上。那你认为一个专家最重要的能力是什么呀？
2026-08-12T18:27:21.812469,6,用户,这个专家必须要能解决问题。 这个专家必须要能解决问题。 啊这个专家必须要能解决问题
2026-08-12T18:27:21.812531,6,机器人,没事，你慢慢说，想到什么都可以说。
2026-08-12T18:27:34.358149,7,用户,哦，我可能觉得这个是他的这个个性吧？ 哦，我可能觉得这个是他的这个个性吧？ 哦我可能觉得这个是他的这个个性吧
2026-08-12T18:27:34.358212,7,机器人,能解决问题确实是核心。那你觉得专家最难被机器人学习的是什么呢？
2026-08-12T18:27:55.412889,8,用户,你选择简单的呀？这个手机如果能回答我，我都不用掐的了。 你选择简单的呀？这个手机如果能回答我，我都不用掐的了。 你选择简单的呀这个手机如果能回答我我都不用掐的了
2026-08-12T18:27:55.412938,8,机器人,个性确实是很独特的部分，每个专家的思考方式和处理问题的风格都不一样。那如果语音AI、手机屏幕和人形机器人都能回答同一个问题，你会选择哪一种？为什么呀？
2026-08-12T18:28:17.398279,9,机器人,手机确实方便，随时拿出来就能用。非常感谢你的分享！你的想法对我帮助很大，让我更清楚未来应该服务哪些人、解决哪些问题。我会继续努力成长，希望下次见面时，我能变得更聪明、更实用！如果你对我们的机器人专家项目感兴趣，欢迎继续关注我们。感谢你的时间，期待再次相遇！
